epoch,train_loss,valid_loss,time
0,1.044555,1.082469,04:57
1,1.044955,1.003824,04:38
