split0_test_rmse,split1_test_rmse,split2_test_rmse,split3_test_rmse,split4_test_rmse,mean_test_rmse,std_test_rmse,rank_test_rmse,mean_fit_time,std_fit_time,mean_test_time,std_test_time,params,param_n_epochs,param_n_factors
0.9855077439259998,0.9846096948003865,0.9842096932500081,0.9848982054361705,0.9847205374070768,0.9847891749639283,0.0004244884679737155,3,13577.848008441924,3721.4368920253382,9.140229558944702,2.9971327313903284,"{'n_epochs': 200, 'n_factors': 700}",200,700
0.9850616830605198,0.9840768947162024,0.9841626741147887,0.98486530998343,0.9845009676056717,0.9845335058961225,0.0003837013915443534,2,15239.040533971787,5097.055522004393,5.742768430709839,2.638444232323826,"{'n_epochs': 200, 'n_factors': 800}",200,800
0.984672851004529,0.9836247227047508,0.9838118732295954,0.9844565473911402,0.9843408328031619,0.9841813654266355,0.00039726279325979835,1,12351.647917509079,2401.4481678912703,3.233915996551514,0.4582215451555561,"{'n_epochs': 200, 'n_factors': 900}",200,900
