split0_test_rmse,split1_test_rmse,split2_test_rmse,split3_test_rmse,split4_test_rmse,mean_test_rmse,std_test_rmse,rank_test_rmse,mean_fit_time,std_fit_time,mean_test_time,std_test_time,params,param_n_epochs,param_n_factors
0.9855181440794532,0.9867223073377376,0.9849837695862758,0.9864345581999407,0.9841893316785072,0.9855696221763829,0.000930362565495844,2,12481.949227380752,4592.531280301837,9.66759376525879,4.558699789496907,"{'n_epochs': 185, 'n_factors': 700}",185,700
0.9851457540554169,0.9862323295898883,0.9840961790754814,0.9860299900353515,0.9840891784860043,0.9851186862484285,0.0009139820459760688,1,16881.759114551543,4103.484759986876,7.358568429946899,3.268232121959125,"{'n_epochs': 185, 'n_factors': 800}",185,800
